{
    "Ar36": {
        "error": 0.00069451616672992007, 
        "fit": "Parabolic", 
        "value": 0.00088788340766190966
    }, 
    "Ar37": {
        "error": 0.019937559628531044, 
        "fit": "linear", 
        "value": 0.016464578818520474
    }, 
    "Ar38": {
        "error": 0.046642300218697613, 
        "fit": "linear", 
        "value": 0.17373281576281741
    }, 
    "Ar39": {
        "error": 0.04917890465924691, 
        "fit": "Parabolic", 
        "value": 0.052596904378788591
    }, 
    "Ar40": {
        "error": 0.042227798387131844, 
        "fit": "Parabolic", 
        "value": 0.038156975695010545
    }, 
    "Ar41": {
        "error": 0.05097871891805416, 
        "fit": "linear", 
        "value": 0.093470197589571785
    }
}