{
    "AX": {
        "error": 0.0460608737252376, 
        "fit": "average", 
        "value": 0.03470777159249369
    }, 
    "CDD": {
        "error": 5.9338340933091376e-05, 
        "fit": "average", 
        "value": 2.1267546617309564e-05
    }, 
    "H1": {
        "error": 0.037372083628639446, 
        "fit": "average", 
        "value": -0.04527142031280243
    }, 
    "H2": {
        "error": 0.0451883541788651, 
        "fit": "average", 
        "value": 0.06878613103528328
    }, 
    "L1": {
        "error": 0.04111797567122572, 
        "fit": "average", 
        "value": 0.18255283539755301
    }, 
    "L2": {
        "error": 0.0183714506715791, 
        "fit": "average", 
        "value": -0.007728523440907694
    }
}