{
    "AX": {
        "error": 0.049249048964336864, 
        "fit": "average", 
        "value": 0.03127316265008235
    }, 
    "CDD": {
        "error": 4.166601414486739e-05, 
        "fit": "average", 
        "value": 1.251032153959386e-05
    }, 
    "H1": {
        "error": 0.03479669272613827, 
        "fit": "average", 
        "value": -0.043709563479448356
    }, 
    "H2": {
        "error": 0.054511292376699785, 
        "fit": "average", 
        "value": 0.06811944951794273
    }, 
    "L1": {
        "error": 0.05391696725208098, 
        "fit": "average", 
        "value": 0.1647856501176169
    }, 
    "L2": {
        "error": 0.01677734164685053, 
        "fit": "average", 
        "value": -0.005515938677126542
    }
}