{
    "AX": {
        "error": 0.05193285416952581, 
        "fit": "average_SEM", 
        "value": -0.012681337373699838
    }, 
    "CDD": {
        "error": 0.00017969702561023294, 
        "fit": "average_SEM", 
        "value": 0.0002763051219517365
    }, 
    "H1": {
        "error": 0.10393836716781507, 
        "fit": "average_SEM", 
        "value": 0.2908239979568558
    }, 
    "H2": {
        "error": 0.11185955941647865, 
        "fit": "average_SEM", 
        "value": 0.19498643829332044
    }, 
    "L1": {
        "error": 0.09602790836665791, 
        "fit": "average_SEM", 
        "value": 0.15335117663877706
    }, 
    "L2": {
        "error": 0.22777933228351904, 
        "fit": "average_SEM", 
        "value": 0.3725674016090731
    }
}