{
    "CDD": {
        "error": 3.64645961878057e-05, 
        "fit": "average_SEM", 
        "value": 8.819362847134471e-06
    }, 
    "H1": {
        "error": 0.04698105181715017, 
        "fit": "average_SEM", 
        "value": 0.02701253497119372
    }, 
    "H2": {
        "error": 0.12933619917593708, 
        "fit": "average_SEM", 
        "value": 0.0047484187874943014
    }, 
    "L1": {
        "error": 0.30321224808497244, 
        "fit": "average_SEM", 
        "value": 0.08555286070331931
    }, 
    "L2": {
        "error": 0.05079373450277643, 
        "fit": "average_SEM", 
        "value": 0.009128385503653488
    }
}