{
    "AX": {
        "error": 0.05426751193666295, 
        "fit": "average", 
        "value": 0.024715830493521426
    }, 
    "CDD": {
        "error": 4.3746669646815915e-05, 
        "fit": "average", 
        "value": 1.0008257231675088e-05
    }, 
    "H1": {
        "error": 0.0298449678500536, 
        "fit": "average", 
        "value": -0.050268048658740315
    }, 
    "H2": {
        "error": 0.04450392551136089, 
        "fit": "average", 
        "value": 0.08547253537562412
    }, 
    "L1": {
        "error": 0.0482349063229615, 
        "fit": "average", 
        "value": 0.1806938102553514
    }, 
    "L2": {
        "error": 0.02105541472984003, 
        "fit": "average", 
        "value": -0.007312910242564062
    }
}