{
    "AX": {
        "error": 0.0038399275107561435, 
        "filter_outliers": true, 
        "fit": "Average", 
        "fn": 174, 
        "include_baseline_error": false, 
        "iterations": 1, 
        "n": 180, 
        "std_devs": 2, 
        "value": 0.02118203609087237
    }, 
    "CDD": {
        "error": 2.1693157483964234e-06, 
        "filter_outliers": true, 
        "fit": "Average", 
        "fn": 180, 
        "include_baseline_error": false, 
        "iterations": 1, 
        "n": 180, 
        "std_devs": 10, 
        "value": 5.838150051810468e-06
    }, 
    "H1": {
        "error": 0.002891658971366426, 
        "filter_outliers": true, 
        "fit": "Average", 
        "fn": 172, 
        "include_baseline_error": false, 
        "iterations": 1, 
        "n": 180, 
        "std_devs": 2, 
        "value": -0.04351919571947588
    }, 
    "H2": {
        "error": 0.003616317773023059, 
        "filter_outliers": true, 
        "fit": "Average", 
        "fn": 172, 
        "include_baseline_error": false, 
        "iterations": 1, 
        "n": 180, 
        "std_devs": 2, 
        "value": 0.06340318255879115
    }, 
    "L1": {
        "error": 0.003926300365994175, 
        "filter_outliers": true, 
        "fit": "Average", 
        "fn": 174, 
        "include_baseline_error": false, 
        "iterations": 1, 
        "n": 180, 
        "std_devs": 2, 
        "value": 0.1349252751097083
    }, 
    "L2": {
        "error": 0.0017486058014513242, 
        "filter_outliers": true, 
        "fit": "Average", 
        "fn": 175, 
        "include_baseline_error": false, 
        "iterations": 1, 
        "n": 180, 
        "std_devs": 2, 
        "value": -0.007691099453285071
    }
}