{
    "AX": {
        "error": 0.0035827003631415566,
        "filter_outliers_dict": {
            "filter_outliers": true,
            "iterations": 1,
            "std_devs": 2
        },
        "fit": "Average",
        "fn": 171,
        "include_baseline_error": false,
        "n": 180,
        "reviewed": true,
        "value": 0.011322929539798748
    },
    "CDD": {
        "error": 3.077648514784336e-05,
        "fit": "average_SEM",
        "value": 6.17355399299413e-06
    },
    "H1": {
        "error": 0.0029828245855283656,
        "filter_outliers_dict": {
            "filter_outliers": true,
            "iterations": 1,
            "std_devs": 2
        },
        "fit": "Average",
        "fn": 175,
        "include_baseline_error": false,
        "n": 180,
        "reviewed": true,
        "value": 0.02450177427971669
    },
    "H2": {
        "error": 0.1321853398039579,
        "fit": "average_SEM",
        "value": 0.1489789216986133
    },
    "L1": {
        "error": 0.018834910281312234,
        "filter_outliers_dict": {
            "filter_outliers": true,
            "iterations": 1,
            "std_devs": 2
        },
        "fit": "Average",
        "fn": 175,
        "include_baseline_error": false,
        "n": 180,
        "reviewed": true,
        "value": 0.046751728201551095
    },
    "L2": {
        "error": 0.055172955112451606,
        "fit": "average_SEM",
        "value": 0.006285792629528765
    }
}