{
    "AX": {
        "error": 0.004702071307260772,
        "filter_outliers_dict": {
            "filter_outliers": true,
            "iterations": 1,
            "std_devs": 2
        },
        "fit": "Average",
        "fn": 116,
        "include_baseline_error": false,
        "n": 120,
        "reviewed": true,
        "value": -0.01668637683805769
    },
    "CDD": {
        "error": 7.541774772428544e-05,
        "fit": "average_SEM",
        "value": 3.9472160278819504e-05
    },
    "H1": {
        "error": 0.010125754962448046,
        "filter_outliers_dict": {
            "filter_outliers": true,
            "iterations": 1,
            "std_devs": 2
        },
        "fit": "Average",
        "fn": 112,
        "include_baseline_error": false,
        "n": 120,
        "reviewed": true,
        "value": 0.2321815743177597
    },
    "H2": {
        "error": 0.09967931380846412,
        "fit": "average_SEM",
        "value": 0.17767473719626045
    },
    "L1": {
        "error": 0.009994095920984616,
        "filter_outliers_dict": {
            "filter_outliers": true,
            "iterations": 1,
            "std_devs": 2
        },
        "fit": "Average",
        "fn": 115,
        "include_baseline_error": false,
        "n": 120,
        "reviewed": true,
        "value": 0.09542405213350835
    },
    "L2": {
        "error": 0.19594112668453995,
        "fit": "average_SEM",
        "value": 0.47181491187463204
    }
}