{
    "AX": {
        "error": 0.004316414123709676,
        "filter_outliers_dict": {
            "filter_outliers": true,
            "iterations": 1,
            "std_devs": 2
        },
        "fit": "Average",
        "fn": 115,
        "include_baseline_error": false,
        "n": 120,
        "reviewed": true,
        "value": -0.00048619470781768143
    },
    "CDD": {
        "error": 6.125445625403361e-05,
        "fit": "average_SEM",
        "value": 1.9099432392977178e-05
    },
    "H1": {
        "error": 0.009260775898668928,
        "filter_outliers_dict": {
            "filter_outliers": true,
            "iterations": 1,
            "std_devs": 2
        },
        "fit": "Average",
        "fn": 115,
        "include_baseline_error": false,
        "n": 120,
        "reviewed": true,
        "value": -0.03336845081825943
    },
    "H2": {
        "error": 0.11272947072193387,
        "fit": "average_SEM",
        "value": -0.054858459980459885
    },
    "L1": {
        "error": 0.00869548680363321,
        "filter_outliers_dict": {
            "filter_outliers": true,
            "iterations": 1,
            "std_devs": 2
        },
        "fit": "Average",
        "fn": 115,
        "include_baseline_error": false,
        "n": 120,
        "reviewed": true,
        "value": -0.08699172473086789
    },
    "L2": {
        "error": 0.22479119241646753,
        "fit": "average_SEM",
        "value": 0.3366763417177329
    }
}