{
    "AX": {
        "error": 0.05664494945585153, 
        "fit": "average_SEM", 
        "value": -0.004925038815417793
    }, 
    "CDD": {
        "error": 5.350439001238599e-05, 
        "fit": "average_SEM", 
        "value": 2.1646023378707467e-05
    }, 
    "H1": {
        "error": 0.11211947420911192, 
        "fit": "average_SEM", 
        "value": -0.17418425073071073
    }, 
    "H2": {
        "error": 0.11204460555080034, 
        "fit": "average_SEM", 
        "value": -0.14879173933247028
    }, 
    "L1": {
        "error": 0.11712723383798046, 
        "fit": "average_SEM", 
        "value": -0.19803679711961497
    }, 
    "L2": {
        "error": 0.24183533998721654, 
        "fit": "average_SEM", 
        "value": 0.15677838027477264
    }
}