{
    "AX": {
        "error": 0.004290755476764405,
        "filter_outliers_dict": {
            "filter_outliers": true,
            "iterations": 1,
            "std_devs": 2
        },
        "fit": "Average",
        "fn": 115,
        "include_baseline_error": false,
        "n": 120,
        "reviewed": true,
        "value": -0.005783593547328011
    },
    "CDD": {
        "error": 7.140917760731191e-05,
        "fit": "average_SEM",
        "value": 3.692556929308921e-05
    },
    "H1": {
        "error": 0.007567200672912768,
        "filter_outliers_dict": {
            "filter_outliers": true,
            "iterations": 1,
            "std_devs": 2
        },
        "fit": "Average",
        "fn": 113,
        "include_baseline_error": false,
        "n": 120,
        "reviewed": true,
        "value": 0.3703259786145877
    },
    "H2": {
        "error": 0.10528153829022259,
        "fit": "average_SEM",
        "value": 0.27419602579126756
    },
    "L1": {
        "error": 0.008360527500361549,
        "filter_outliers_dict": {
            "filter_outliers": true,
            "iterations": 1,
            "std_devs": 2
        },
        "fit": "Average",
        "fn": 114,
        "include_baseline_error": false,
        "n": 120,
        "reviewed": true,
        "value": 0.20698186189851217
    },
    "L2": {
        "error": 0.21193919581051415,
        "fit": "average_SEM",
        "value": 0.46039377159128586
    }
}