{
    "Ar36": {
        "error": 0.0010711060835903511, 
        "fit": "linear", 
        "value": 0.004976447947643613
    }, 
    "Ar37": {
        "error": 0.053413736810716567, 
        "fit": "linear", 
        "value": 0.22857803666295637
    }, 
    "Ar38": {
        "error": 0.26228081150822058, 
        "fit": "linear", 
        "value": 0.34543171741241252
    }, 
    "Ar39": {
        "error": 0.069982317239229208, 
        "fit": "linear", 
        "value": 16.492247172691165
    }, 
    "Ar40": {
        "error": 0.082642395858447154, 
        "fit": "linear", 
        "value": 12.161877175539841
    }, 
    "Ar41": {
        "error": 0.12504492247646515, 
        "fit": "average_SEM", 
        "value": 0.013903675152889466
    }
}