{
    "Ar36": {
        "error": 0.0015991129436326921, 
        "fit": "parabolic", 
        "value": 0.012939260355161204
    }, 
    "Ar37": {
        "error": 0.052664385824510301, 
        "fit": "linear", 
        "value": 0.14127936092032647
    }, 
    "Ar38": {
        "error": 0.19688894396183634, 
        "fit": "linear", 
        "value": 0.18317990714124899
    }, 
    "Ar39": {
        "error": 0.059348898862523335, 
        "fit": "parabolic", 
        "value": 1.3733497244231985
    }, 
    "Ar40": {
        "error": 0.04990973592304037, 
        "fit": "parabolic", 
        "value": 4.8104747119167364
    }, 
    "Ar41": {
        "error": 0.12118869681711529, 
        "fit": "average_SEM", 
        "value": 0.18599495854189929
    }
}