{
    "Ar36": {
        "error": 0.0014491711371941549, 
        "fit": "parabolic", 
        "value": 0.011924254385937395
    }, 
    "Ar37": {
        "error": 0.05308849191916639, 
        "fit": "linear", 
        "value": 0.14055547952494113
    }, 
    "Ar38": {
        "error": 0.26641441493761214, 
        "fit": "linear", 
        "value": 0.25616445546203326
    }, 
    "Ar39": {
        "error": 0.059543294630395371, 
        "fit": "parabolic", 
        "value": 3.5224453095505663
    }, 
    "Ar40": {
        "error": 0.049620383406915325, 
        "fit": "parabolic", 
        "value": 6.0619271263395262
    }, 
    "Ar41": {
        "error": 0.12824135340929127, 
        "fit": "average_SEM", 
        "value": 0.043455763904664005
    }
}