{
    "Ar36": {
        "error": 0.0016288100103336676, 
        "fit": "parabolic", 
        "value": 0.015068149653034008
    }, 
    "Ar37": {
        "error": 0.053142072282387057, 
        "fit": "linear", 
        "value": 0.15508037659786367
    }, 
    "Ar38": {
        "error": 0.15586198149893857, 
        "fit": "linear", 
        "value": 0.14124759256444386
    }, 
    "Ar39": {
        "error": 0.062236483470037303, 
        "fit": "parabolic", 
        "value": 3.312411396689031
    }, 
    "Ar40": {
        "error": 0.057851945128307714, 
        "fit": "parabolic", 
        "value": 6.7477309009074258
    }, 
    "Ar41": {
        "error": 0.1230761387601822, 
        "fit": "average_SEM", 
        "value": 0.1600631747827477
    }
}