{
    "Ar36": {
        "error": 0.0011881743439797047, 
        "fit": "parabolic", 
        "value": 0.0050506166668496267
    }, 
    "Ar37": {
        "error": 0.22639423401999775, 
        "fit": "linear", 
        "value": 0.43448279702029341
    }, 
    "Ar38": {
        "error": 0.1098693712278641, 
        "fit": "linear", 
        "value": 0.060747028241053339
    }, 
    "Ar39": {
        "error": 0.057565349533921777, 
        "fit": "parabolic", 
        "value": 0.033103395961382384
    }, 
    "Ar40": {
        "error": 0.11094090533173089, 
        "fit": "parabolic", 
        "value": 1.4978751190543904
    }, 
    "Ar41": {
        "error": 0.11269891834085936, 
        "fit": "average_SEM", 
        "value": 0.12029155048745452
    }
}