{
    "Ar36": {
        "error": 0.0023664408126395902, 
        "fit": "parabolic", 
        "value": 0.029892282652110084
    }, 
    "Ar37": {
        "error": 0.050258547971838333, 
        "fit": "linear", 
        "value": 0.021719927428360493
    }, 
    "Ar38": {
        "error": 0.30718472306960087, 
        "fit": "linear", 
        "value": 0.15032187687709145
    }, 
    "Ar39": {
        "error": 0.071831973541292865, 
        "fit": "parabolic", 
        "value": 0.53126082023140864
    }, 
    "Ar40": {
        "error": 0.41180252579741161, 
        "fit": "parabolic", 
        "value": 10.092566673019773
    }, 
    "Ar41": {
        "error": 0.12759081894508317, 
        "fit": "average_SEM", 
        "value": 0.041741937691064476
    }
}