{
    "Ar36": {
        "error": 0.0017381706101850844, 
        "fit": "parabolic", 
        "value": 0.01570617381538961
    }, 
    "Ar37": {
        "error": 0.22400545568063146, 
        "fit": "linear", 
        "value": 0.47252316942185491
    }, 
    "Ar38": {
        "error": 0.1104731816499613, 
        "fit": "linear", 
        "value": 0.14713778590261659
    }, 
    "Ar39": {
        "error": 0.054914523219073107, 
        "fit": "parabolic", 
        "value": 0.31647948448472418
    }, 
    "Ar40": {
        "error": 0.11118354800199423, 
        "fit": "parabolic", 
        "value": 4.8755099243366491
    }, 
    "Ar41": {
        "error": 0.11944961539737779, 
        "fit": "average_SEM", 
        "value": 0.14962914766627364
    }
}