{
    "Ar36": {
        "error": 0.0012686269612825825, 
        "fit": "parabolic", 
        "value": 0.0051203681665849335
    }, 
    "Ar37": {
        "error": 0.22339606535683812, 
        "fit": "linear", 
        "value": 0.4688571004229517
    }, 
    "Ar38": {
        "error": 0.11189723607319013, 
        "fit": "linear", 
        "value": 0.21994979038355755
    }, 
    "Ar39": {
        "error": 0.05568177335948344, 
        "fit": "parabolic", 
        "value": 0.2216659990982546
    }, 
    "Ar40": {
        "error": 0.1207693796561267, 
        "fit": "parabolic", 
        "value": 1.9870054705485101
    }, 
    "Ar41": {
        "error": 0.11310845185558681, 
        "fit": "average_SEM", 
        "value": 0.26391446451656519
    }
}