{
    "Ar36": {
        "error": 0.014881065137951979, 
        "fit": "linear", 
        "value": 1.409855987744884
    }, 
    "Ar37": {
        "error": 0.053834560977987549, 
        "fit": "linear", 
        "value": 0.18531290249456539
    }, 
    "Ar38": {
        "error": 0.27093320813965249, 
        "fit": "linear", 
        "value": 0.40912069309247928
    }, 
    "Ar39": {
        "error": 0.068065664577120225, 
        "fit": "linear", 
        "value": 6.2629569394214091
    }, 
    "Ar40": {
        "error": 0.18692616872304882, 
        "fit": "linear", 
        "value": 429.05922197984376
    }, 
    "Ar41": {
        "error": 0.12773402318580673, 
        "fit": "average_SEM", 
        "value": -0.1025964536233611
    }
}