{
    "Ar36": {
        "error": 0.004720704699620595, 
        "fit": "parabolic", 
        "value": 0.16531714686107896
    }, 
    "Ar37": {
        "error": 0.27766330589556026, 
        "fit": "linear", 
        "value": 0.17145678999062974
    }, 
    "Ar38": {
        "error": 0.11337952525051294, 
        "fit": "linear", 
        "value": 0.29619483527422269
    }, 
    "Ar39": {
        "error": 0.06177890599328964, 
        "fit": "parabolic", 
        "value": 6.9590353359131569
    }, 
    "Ar40": {
        "error": 0.14870153975096956, 
        "fit": "parabolic", 
        "value": 54.4328203990665
    }, 
    "Ar41": {
        "error": 0.12126298960895543, 
        "fit": "average_SEM", 
        "value": -0.15824517372733682
    }
}