{
    "Ar36": {
        "error": 0.0013583447124332403, 
        "fit": "parabolic", 
        "value": 0.0077529820641624014
    }, 
    "Ar37": {
        "error": 0.053310907787528998, 
        "fit": "linear", 
        "value": 0.15571233887790031
    }, 
    "Ar38": {
        "error": 0.14220788619858765, 
        "fit": "linear", 
        "value": 0.058927014440868931
    }, 
    "Ar39": {
        "error": 0.061322499954648869, 
        "fit": "parabolic", 
        "value": 1.2369766113214786
    }, 
    "Ar40": {
        "error": 0.053092056062614128, 
        "fit": "parabolic", 
        "value": 3.2291153131934753
    }, 
    "Ar41": {
        "error": 0.12295197928319472, 
        "fit": "average_SEM", 
        "value": -0.06923644844748196
    }
}