{
    "AX": {
        "error": 0.05980761268642659, 
        "fit": "average_SEM", 
        "value": 0.1290484954059745
    }, 
    "CDD": {
        "error": 0.000135554180259933, 
        "fit": "average_SEM", 
        "value": 0.00011084757037072753
    }, 
    "H1": {
        "error": 0.04702910617040389, 
        "fit": "average_SEM", 
        "value": 0.21766719842950502
    }, 
    "H2": {
        "error": 0.12958430923985195, 
        "fit": "average_SEM", 
        "value": 0.2242812029706935
    }, 
    "L1": {
        "error": 0.24590194568633272, 
        "fit": "average_SEM", 
        "value": 0.3045228732429678
    }, 
    "L2": {
        "error": 0.05257913613771693, 
        "fit": "average_SEM", 
        "value": 0.11809916892865052
    }
}