{
    "AX": {
        "error": 0.004498008055930291,
        "filter_outliers_dict": {
            "filter_outliers": true,
            "iterations": 1,
            "std_devs": 2
        },
        "fit": "Average",
        "fn": 115,
        "include_baseline_error": false,
        "n": 120,
        "reviewed": true,
        "value": -0.012020986227561599
    },
    "CDD": {
        "error": 0.00022498151459294252,
        "fit": "average_SEM",
        "value": 0.00030559092216814556
    },
    "H1": {
        "error": 0.00829857673466851,
        "filter_outliers_dict": {
            "filter_outliers": true,
            "iterations": 1,
            "std_devs": 2
        },
        "fit": "Average",
        "fn": 112,
        "include_baseline_error": false,
        "n": 120,
        "reviewed": true,
        "value": 0.3123647736917649
    },
    "H2": {
        "error": 0.1105970191937186,
        "fit": "average_SEM",
        "value": 0.21867999008730596
    },
    "L1": {
        "error": 0.008676543964473394,
        "filter_outliers_dict": {
            "filter_outliers": true,
            "iterations": 1,
            "std_devs": 2
        },
        "fit": "Average",
        "fn": 113,
        "include_baseline_error": false,
        "n": 120,
        "reviewed": true,
        "value": 0.16261058797549474
    },
    "L2": {
        "error": 0.21396760619233857,
        "fit": "average_SEM",
        "value": 0.4167304817082671
    }
}