{
    "AX": {
        "error": 0.05927634189871272, 
        "fit": "average_SEM", 
        "value": 0.0005250105808954686
    }, 
    "CDD": {
        "error": 0.00022436662841259351, 
        "fit": "average_SEM", 
        "value": 0.00033487671898910774
    }, 
    "H1": {
        "error": 0.09984282244305223, 
        "fit": "average_SEM", 
        "value": 0.10804529434011177
    }, 
    "H2": {
        "error": 0.11304878159825554, 
        "fit": "average_SEM", 
        "value": 0.08113369459703487
    }, 
    "L1": {
        "error": 0.10973011755741907, 
        "fit": "average_SEM", 
        "value": 0.03467505077035942
    }, 
    "L2": {
        "error": 0.22693710112877447, 
        "fit": "average_SEM", 
        "value": 0.3602428022927294
    }
}