{
    "AX": {
        "error": 0.049478629266131016, 
        "fit": "average_SEM", 
        "value": -0.003439806571016864
    }, 
    "CDD": {
        "error": 6.65749889317885e-05, 
        "fit": "average_SEM", 
        "value": 2.928579633589834e-05
    }, 
    "H1": {
        "error": 0.11456382193065036, 
        "fit": "average_SEM", 
        "value": 0.11138997049856698
    }, 
    "H2": {
        "error": 0.09049538417106331, 
        "fit": "average_SEM", 
        "value": 0.07648308891609
    }, 
    "L1": {
        "error": 0.10111219551199058, 
        "fit": "average_SEM", 
        "value": 0.028673333789629395
    }, 
    "L2": {
        "error": 0.24194967041772672, 
        "fit": "average_SEM", 
        "value": 0.3797412837545077
    }
}