{
    "AX": {
        "error": 0.06085392646567231, 
        "fit": "average_SEM", 
        "value": 0.005043721310115264
    }, 
    "CDD": {
        "error": 6.157390799676494e-05, 
        "fit": "average_SEM", 
        "value": 2.673920535016805e-05
    }, 
    "H1": {
        "error": 0.09827858746982314, 
        "fit": "average_SEM", 
        "value": -0.1134774293449785
    }, 
    "H2": {
        "error": 0.11317688573176256, 
        "fit": "average_SEM", 
        "value": -0.10410815724171699
    }, 
    "L1": {
        "error": 0.09924649030786403, 
        "fit": "average_SEM", 
        "value": -0.13758829929089794
    }, 
    "L2": {
        "error": 0.25382603648569696, 
        "fit": "average_SEM", 
        "value": 0.28711983348087716
    }
}