{
    "AX": {
        "error": 0.052816094039891265, 
        "fit": "average_SEM", 
        "value": -0.005340112871635938
    }, 
    "CDD": {
        "error": 6.367547370637678e-05, 
        "fit": "average_SEM", 
        "value": 2.5465909857302904e-05
    }, 
    "H1": {
        "error": 0.12318548011405642, 
        "fit": "average_SEM", 
        "value": 0.18758682688542952
    }, 
    "H2": {
        "error": 0.12164216793947658, 
        "fit": "average_SEM", 
        "value": 0.13730464134229503
    }, 
    "L1": {
        "error": 0.13776829264643253, 
        "fit": "average_SEM", 
        "value": 0.1089601717874757
    }, 
    "L2": {
        "error": 0.21652374858098444, 
        "fit": "average_SEM", 
        "value": 0.41178482060010235
    }
}