{
    "AX": {
        "error": 0.057924496250961466, 
        "fit": "average_SEM", 
        "value": 0.006902763840723007
    }, 
    "CDD": {
        "error": 6.538561165272322e-05, 
        "fit": "average_SEM", 
        "value": 3.183238732162863e-05
    }, 
    "H1": {
        "error": 0.12270585628589735, 
        "fit": "average_SEM", 
        "value": 0.02445855318219401
    }, 
    "H2": {
        "error": 0.11737672048913937, 
        "fit": "average_SEM", 
        "value": 0.0012207209615250274
    }, 
    "L1": {
        "error": 0.10065388297292494, 
        "fit": "average_SEM", 
        "value": -0.03333257946918214
    }, 
    "L2": {
        "error": 0.23334313988809247, 
        "fit": "average_SEM", 
        "value": 0.3772666284775672
    }
}