{
    "AX": {
        "error": 0.059966690901233355, 
        "fit": "average_SEM", 
        "value": 0.005679437791695818
    }, 
    "CDD": {
        "error": 4.6030834132186206e-05, 
        "fit": "average_SEM", 
        "value": 1.527954591438174e-05
    }, 
    "H1": {
        "error": 0.11951764492856923, 
        "fit": "average_SEM", 
        "value": -0.16809589163943503
    }, 
    "H2": {
        "error": 0.11318349735818733, 
        "fit": "average_SEM", 
        "value": -0.1327521780884126
    }, 
    "L1": {
        "error": 0.10889511198508632, 
        "fit": "average_SEM", 
        "value": -0.15343278492606865
    }, 
    "L2": {
        "error": 0.24318950725598756, 
        "fit": "average_SEM", 
        "value": 0.17344945209333673
    }
}