{
    "AX": {
        "error": 0.05473910568934316, 
        "fit": "average_SEM", 
        "value": -0.0116175676836671
    }, 
    "CDD": {
        "error": 5.3504390012385995e-05, 
        "fit": "average_SEM", 
        "value": 2.1646023378707467e-05
    }, 
    "H1": {
        "error": 0.10551487317134056, 
        "fit": "average_SEM", 
        "value": 0.25647261122552056
    }, 
    "H2": {
        "error": 0.12671830011050422, 
        "fit": "average_SEM", 
        "value": 0.17585917579902646
    }, 
    "L1": {
        "error": 0.10909090990399416, 
        "fit": "average_SEM", 
        "value": 0.13303663782571676
    }, 
    "L2": {
        "error": 0.2145534888376827, 
        "fit": "average_SEM", 
        "value": 0.47244761063096424
    }
}