{
    "AX": {
        "error": 0.060153323242411925, 
        "fit": "average_SEM", 
        "value": -0.023550682897136237
    }, 
    "CDD": {
        "error": 6.0394324658304064e-05, 
        "fit": "average_SEM", 
        "value": 2.928579633589834e-05
    }, 
    "H1": {
        "error": 0.11700832542886745, 
        "fit": "average_SEM", 
        "value": 0.2833642849233001
    }, 
    "H2": {
        "error": 0.10727575063023204, 
        "fit": "average_SEM", 
        "value": 0.193398385134545
    }, 
    "L1": {
        "error": 0.12420959568742165, 
        "fit": "average_SEM", 
        "value": 0.14684314439073204
    }, 
    "L2": {
        "error": 0.2207191116159834, 
        "fit": "average_SEM", 
        "value": 0.5409259892844905
    }
}