{
    "AX": {
        "error": 0.052026845382703094, 
        "fit": "average_SEM", 
        "value": 0.1287350277726849
    }, 
    "CDD": {
        "error": 1.4455645733305875e-05, 
        "fit": "average_SEM", 
        "value": 1.3196138752391562e-06
    }, 
    "H1": {
        "error": 0.04523335728423343, 
        "fit": "average_SEM", 
        "value": 0.17553303729121883
    }, 
    "H2": {
        "error": 0.10890329445024853, 
        "fit": "average_SEM", 
        "value": 0.05189541324895496
    }, 
    "L1": {
        "error": 0.21417589803621023, 
        "fit": "average_SEM", 
        "value": 0.050954670121427625
    }, 
    "L2": {
        "error": 0.056402650516877845, 
        "fit": "average_SEM", 
        "value": 0.12228249632462393
    }
}