{
    "Ar36": {
        "error": 0.000171797422488655, 
        "filter_outliers": true, 
        "fit": "Parabolic", 
        "fn": 567, 
        "include_baseline_error": false, 
        "iterations": 1, 
        "n": 600, 
        "std_devs": 2, 
        "value": 0.011376019637945056
    }, 
    "Ar37": {
        "error": 0.0016689636181184096, 
        "filter_outliers": true, 
        "fit": "Linear", 
        "fn": 571, 
        "include_baseline_error": false, 
        "iterations": 1, 
        "n": 600, 
        "std_devs": 2, 
        "value": 0.11618685689751354
    }, 
    "Ar38": {
        "error": 0.004128872819736891, 
        "filter_outliers": true, 
        "fit": "Linear", 
        "fn": 575, 
        "include_baseline_error": false, 
        "iterations": 1, 
        "n": 600, 
        "std_devs": 2, 
        "value": 1.0885487644090572
    }, 
    "Ar39": {
        "error": 0.011364193602931526, 
        "filter_outliers": true, 
        "fit": "Parabolic", 
        "fn": 574, 
        "include_baseline_error": false, 
        "iterations": 1, 
        "n": 600, 
        "std_devs": 2, 
        "value": 71.5032470190439
    }, 
    "Ar40": {
        "error": 0.007368660786636391, 
        "filter_outliers": true, 
        "fit": "Parabolic", 
        "fn": 575, 
        "include_baseline_error": false, 
        "iterations": 1, 
        "n": 600, 
        "std_devs": 2, 
        "value": 27.057420812933625
    }, 
    "Ar41": {
        "error": 0.0021351185284187234, 
        "filter_outliers": true, 
        "fit": "Average", 
        "fn": 571, 
        "include_baseline_error": false, 
        "iterations": 1, 
        "n": 600, 
        "std_devs": 2, 
        "value": 0.07890765374585915
    }, 
    "reviewed": true
}