{
    "Ar36": {
        "error": 0.00034977141561888715, 
        "filter_outliers": true, 
        "fit": "Parabolic", 
        "fn": 573, 
        "include_baseline_error": false, 
        "iterations": 1, 
        "n": 600, 
        "std_devs": 2, 
        "value": 0.060311359924877427
    }, 
    "Ar37": {
        "error": 0.0017711477109197472, 
        "filter_outliers": true, 
        "fit": "Linear", 
        "fn": 570, 
        "include_baseline_error": false, 
        "iterations": 1, 
        "n": 600, 
        "std_devs": 2, 
        "value": 0.10958531773455901
    }, 
    "Ar38": {
        "error": 0.004352239347881163, 
        "filter_outliers": true, 
        "fit": "Linear", 
        "fn": 572, 
        "include_baseline_error": false, 
        "iterations": 1, 
        "n": 600, 
        "std_devs": 2, 
        "value": 1.0135368276364476
    }, 
    "Ar39": {
        "error": 0.01110425926066361, 
        "filter_outliers": true, 
        "fit": "Parabolic", 
        "fn": 573, 
        "include_baseline_error": false, 
        "iterations": 1, 
        "n": 600, 
        "std_devs": 2, 
        "value": 65.09941783790573
    }, 
    "Ar40": {
        "error": 0.008407053034624044, 
        "filter_outliers": true, 
        "fit": "Parabolic", 
        "fn": 579, 
        "include_baseline_error": false, 
        "iterations": 1, 
        "n": 600, 
        "std_devs": 2, 
        "value": 39.561228248052586
    }, 
    "Ar41": {
        "error": 0.002167821409236716, 
        "filter_outliers": true, 
        "fit": "Average", 
        "fn": 572, 
        "include_baseline_error": false, 
        "iterations": 1, 
        "n": 600, 
        "std_devs": 2, 
        "value": 0.0822872983181232
    }, 
    "reviewed": true
}