{
    "Ar36": {
        "error": 0.0010859070482834904, 
        "fit": "Parabolic", 
        "value": 0.006799984645198512
    }, 
    "Ar37": {
        "error": 0.020094345291804306, 
        "fit": "linear", 
        "value": 0.10783140096196644
    }, 
    "Ar38": {
        "error": 0.045789562105465496, 
        "fit": "linear", 
        "value": 0.93840074901649517
    }, 
    "Ar39": {
        "error": 0.081704648774906727, 
        "fit": "Parabolic", 
        "value": 60.008850711032508
    }, 
    "Ar40": {
        "error": 0.054779775381964983, 
        "fit": "Parabolic", 
        "value": 21.872778119332779
    }, 
    "Ar41": {
        "error": 0.047547978538631609, 
        "fit": "linear", 
        "value": 0.07372571062775865
    }
}