{
    "Ar36": {
        "error": 0.0005557740378855479, 
        "filter_outliers": true, 
        "fit": "Parabolic", 
        "fn": 577, 
        "include_baseline_error": false, 
        "iterations": 1, 
        "n": 600, 
        "std_devs": 2, 
        "value": 0.15748118720193027
    }, 
    "Ar37": {
        "error": 0.0017241318043719571, 
        "filter_outliers": true, 
        "fit": "Linear", 
        "fn": 571, 
        "include_baseline_error": false, 
        "iterations": 1, 
        "n": 600, 
        "std_devs": 2, 
        "value": 0.03334582585423107
    }, 
    "Ar38": {
        "error": 0.004059763975939553, 
        "filter_outliers": true, 
        "fit": "Linear", 
        "fn": 570, 
        "include_baseline_error": false, 
        "iterations": 1, 
        "n": 600, 
        "std_devs": 2, 
        "value": 0.3079718286480877
    }, 
    "Ar39": {
        "error": 0.007267719545407499, 
        "filter_outliers": true, 
        "fit": "Parabolic", 
        "fn": 579, 
        "include_baseline_error": false, 
        "iterations": 1, 
        "n": 600, 
        "std_devs": 2, 
        "value": 6.634620330060734
    }, 
    "Ar40": {
        "error": 0.008794762257221525, 
        "filter_outliers": true, 
        "fit": "Parabolic", 
        "fn": 570, 
        "include_baseline_error": false, 
        "iterations": 1, 
        "n": 600, 
        "std_devs": 2, 
        "value": 50.06599699584924
    }, 
    "Ar41": {
        "error": 0.002065639335601457, 
        "filter_outliers": true, 
        "fit": "Average", 
        "fn": 572, 
        "include_baseline_error": false, 
        "iterations": 1, 
        "n": 600, 
        "std_devs": 2, 
        "value": 0.08302367960594212
    }, 
    "reviewed": true
}