{
    "Ar36": {
        "error": 0.00011268493759274436, 
        "filter_outliers": true, 
        "fit": "Parabolic", 
        "fn": 568, 
        "include_baseline_error": false, 
        "iterations": 1, 
        "n": 600, 
        "std_devs": 2, 
        "value": 0.003188823767807946
    }, 
    "Ar37": {
        "error": 0.0016738754287283389, 
        "filter_outliers": true, 
        "fit": "Linear", 
        "fn": 566, 
        "include_baseline_error": false, 
        "iterations": 1, 
        "n": 600, 
        "std_devs": 2, 
        "value": 0.028899892934028264
    }, 
    "Ar38": {
        "error": 0.004121015677051414, 
        "filter_outliers": true, 
        "fit": "Linear", 
        "fn": 575, 
        "include_baseline_error": false, 
        "iterations": 1, 
        "n": 600, 
        "std_devs": 2, 
        "value": 0.3346899004445686
    }, 
    "Ar39": {
        "error": 0.008183340451351512, 
        "filter_outliers": true, 
        "fit": "Parabolic", 
        "fn": 571, 
        "include_baseline_error": false, 
        "iterations": 1, 
        "n": 600, 
        "std_devs": 2, 
        "value": 14.659933937488798
    }, 
    "Ar40": {
        "error": 0.0061179054458246835, 
        "filter_outliers": true, 
        "fit": "Parabolic", 
        "fn": 576, 
        "include_baseline_error": false, 
        "iterations": 1, 
        "n": 600, 
        "std_devs": 2, 
        "value": 5.581082769694101
    }, 
    "Ar41": {
        "error": 0.0021253642460838996, 
        "filter_outliers": true, 
        "fit": "Average", 
        "fn": 572, 
        "include_baseline_error": false, 
        "iterations": 1, 
        "n": 600, 
        "std_devs": 2, 
        "value": 0.07605675649021221
    }, 
    "reviewed": true
}