{
    "Ar36": {
        "error": 0.00019314496990133516, 
        "filter_outliers": true, 
        "fit": "Parabolic", 
        "fn": 575, 
        "include_baseline_error": false, 
        "iterations": 1, 
        "n": 600, 
        "std_devs": 2, 
        "value": 0.016085656246117998
    }, 
    "Ar37": {
        "error": 0.0017710764955023448, 
        "filter_outliers": true, 
        "fit": "Linear", 
        "fn": 574, 
        "include_baseline_error": false, 
        "iterations": 1, 
        "n": 600, 
        "std_devs": 2, 
        "value": 0.01993847533848998
    }, 
    "Ar38": {
        "error": 0.0038092956995757874, 
        "filter_outliers": true, 
        "fit": "Linear", 
        "fn": 569, 
        "include_baseline_error": false, 
        "iterations": 1, 
        "n": 600, 
        "std_devs": 2, 
        "value": 0.1512304348914813
    }, 
    "Ar39": {
        "error": 0.007006635809075872, 
        "filter_outliers": true, 
        "fit": "Parabolic", 
        "fn": 574, 
        "include_baseline_error": false, 
        "iterations": 1, 
        "n": 600, 
        "std_devs": 2, 
        "value": 0.34286596476313747
    }, 
    "Ar40": {
        "error": 0.0063363078328284765, 
        "filter_outliers": true, 
        "fit": "Parabolic", 
        "fn": 572, 
        "include_baseline_error": false, 
        "iterations": 1, 
        "n": 600, 
        "std_devs": 2, 
        "value": 4.833771302779971
    }, 
    "Ar41": {
        "error": 0.002121871256691729, 
        "filter_outliers": true, 
        "fit": "Average", 
        "fn": 576, 
        "include_baseline_error": false, 
        "iterations": 1, 
        "n": 600, 
        "std_devs": 2, 
        "value": 0.07843478605335956
    }, 
    "reviewed": true
}