{
    "Ar36": {
        "error": 0.00083200674178015449, 
        "fit": "Parabolic", 
        "value": 0.0022125448240457295
    }, 
    "Ar37": {
        "error": 0.020177767020797654, 
        "fit": "linear", 
        "value": 0.021399235549922929
    }, 
    "Ar38": {
        "error": 0.042754867134818839, 
        "fit": "linear", 
        "value": 0.24222959547398437
    }, 
    "Ar39": {
        "error": 0.057780978796959807, 
        "fit": "Parabolic", 
        "value": 7.7697205867292283
    }, 
    "Ar40": {
        "error": 0.044492212207646258, 
        "fit": "Parabolic", 
        "value": 3.0368967897299362
    }, 
    "Ar41": {
        "error": 0.050362488271723523, 
        "fit": "linear", 
        "value": 0.085566326554153666
    }
}