{
    "Ar36": {
        "error": 0.00019260513219060977, 
        "filter_outliers": true, 
        "fit": "Parabolic", 
        "fn": 569, 
        "include_baseline_error": false, 
        "iterations": 1, 
        "n": 600, 
        "std_devs": 2, 
        "value": 0.014102335914017251
    }, 
    "Ar37": {
        "error": 0.0016110952722748209, 
        "filter_outliers": true, 
        "fit": "Linear", 
        "fn": 568, 
        "include_baseline_error": false, 
        "iterations": 1, 
        "n": 600, 
        "std_devs": 2, 
        "value": 0.014657298671099696
    }, 
    "Ar38": {
        "error": 0.004047883457713658, 
        "filter_outliers": true, 
        "fit": "Linear", 
        "fn": 574, 
        "include_baseline_error": false, 
        "iterations": 1, 
        "n": 600, 
        "std_devs": 2, 
        "value": 0.18281793688910492
    }, 
    "Ar39": {
        "error": 0.007058922367297861, 
        "filter_outliers": true, 
        "fit": "Parabolic", 
        "fn": 569, 
        "include_baseline_error": false, 
        "iterations": 1, 
        "n": 600, 
        "std_devs": 2, 
        "value": 0.2262631800876111
    }, 
    "Ar40": {
        "error": 0.009548464001508708, 
        "filter_outliers": true, 
        "fit": "Parabolic", 
        "fn": 577, 
        "include_baseline_error": false, 
        "iterations": 1, 
        "n": 600, 
        "std_devs": 2, 
        "value": 4.299712578135846
    }, 
    "Ar41": {
        "error": 0.001978546766211867, 
        "filter_outliers": true, 
        "fit": "Average", 
        "fn": 574, 
        "include_baseline_error": false, 
        "iterations": 1, 
        "n": 600, 
        "std_devs": 2, 
        "value": 0.07717898810917259
    }, 
    "reviewed": true
}