{
    "Ar36": {
        "error": 0.001006877935675825, 
        "fit": "Parabolic", 
        "value": 0.0043854446729464413
    }, 
    "Ar37": {
        "error": 0.018879918367892337, 
        "fit": "linear", 
        "value": 0.049521073476077884
    }, 
    "Ar38": {
        "error": 0.047557794735866063, 
        "fit": "linear", 
        "value": 0.51842962778216484
    }, 
    "Ar39": {
        "error": 0.066095562926205373, 
        "fit": "Parabolic", 
        "value": 26.188354745217914
    }, 
    "Ar40": {
        "error": 0.049735978252262406, 
        "fit": "Parabolic", 
        "value": 9.8571878708216119
    }, 
    "Ar41": {
        "error": 0.049606622166401486, 
        "fit": "linear", 
        "value": 0.071018885751728766
    }
}