{
    "Ar36": {
        "error": 0.0003116144954592141, 
        "filter_outliers": true, 
        "fit": "Parabolic", 
        "fn": 577, 
        "include_baseline_error": false, 
        "iterations": 1, 
        "n": 600, 
        "std_devs": 2, 
        "value": 0.04347641383439607
    }, 
    "Ar37": {
        "error": 0.0016386187976387577, 
        "filter_outliers": true, 
        "fit": "Linear", 
        "fn": 569, 
        "include_baseline_error": false, 
        "iterations": 1, 
        "n": 600, 
        "std_devs": 2, 
        "value": 0.014429829545922822
    }, 
    "Ar38": {
        "error": 0.003952382961660347, 
        "filter_outliers": true, 
        "fit": "Linear", 
        "fn": 574, 
        "include_baseline_error": false, 
        "iterations": 1, 
        "n": 600, 
        "std_devs": 2, 
        "value": 0.2041027238449532
    }, 
    "Ar39": {
        "error": 0.007487383788765909, 
        "filter_outliers": true, 
        "fit": "Parabolic", 
        "fn": 584, 
        "include_baseline_error": false, 
        "iterations": 1, 
        "n": 600, 
        "std_devs": 2, 
        "value": 0.14848393649908534
    }, 
    "Ar40": {
        "error": 0.011859358457727334, 
        "filter_outliers": true, 
        "fit": "Parabolic", 
        "fn": 580, 
        "include_baseline_error": false, 
        "iterations": 1, 
        "n": 600, 
        "std_devs": 2, 
        "value": 13.114583619787654
    }, 
    "Ar41": {
        "error": 0.002099375278480708, 
        "filter_outliers": true, 
        "fit": "Average", 
        "fn": 565, 
        "include_baseline_error": false, 
        "iterations": 1, 
        "n": 600, 
        "std_devs": 2, 
        "value": 0.07233940267603663
    }, 
    "reviewed": true
}