{
    "Ar36": {
        "error": 0.00017012325381902133, 
        "filter_outliers": true, 
        "fit": "Parabolic", 
        "fn": 572, 
        "include_baseline_error": false, 
        "iterations": 1, 
        "n": 600, 
        "std_devs": 2, 
        "value": 0.011560266441872902
    }, 
    "Ar37": {
        "error": 0.0017076147994671287, 
        "filter_outliers": true, 
        "fit": "Linear", 
        "fn": 571, 
        "include_baseline_error": false, 
        "iterations": 1, 
        "n": 600, 
        "std_devs": 2, 
        "value": 0.059754765127571025
    }, 
    "Ar38": {
        "error": 0.004116989528275893, 
        "filter_outliers": true, 
        "fit": "Linear", 
        "fn": 576, 
        "include_baseline_error": false, 
        "iterations": 1, 
        "n": 600, 
        "std_devs": 2, 
        "value": 0.3421213127490965
    }, 
    "Ar39": {
        "error": 0.007575608902735496, 
        "filter_outliers": true, 
        "fit": "Parabolic", 
        "fn": 569, 
        "include_baseline_error": false, 
        "iterations": 1, 
        "n": 600, 
        "std_devs": 2, 
        "value": 13.068419424290564
    }, 
    "Ar40": {
        "error": 0.006626783660634552, 
        "filter_outliers": true, 
        "fit": "Parabolic", 
        "fn": 576, 
        "include_baseline_error": false, 
        "iterations": 1, 
        "n": 600, 
        "std_devs": 2, 
        "value": 7.511013272223444
    }, 
    "Ar41": {
        "error": 0.0021501422957600764, 
        "filter_outliers": true, 
        "fit": "Average", 
        "fn": 568, 
        "include_baseline_error": false, 
        "iterations": 1, 
        "n": 600, 
        "std_devs": 2, 
        "value": 0.08176556107427016
    }, 
    "reviewed": true
}