{
    "Ar36": {
        "error": 0.0014688098267723994, 
        "fit": "Parabolic", 
        "value": 0.017642716253982591
    }, 
    "Ar37": {
        "error": 0.020671955590661931, 
        "fit": "linear", 
        "value": 0.01811094802021973
    }, 
    "Ar38": {
        "error": 0.044789827518905825, 
        "fit": "linear", 
        "value": 0.18166689672444675
    }, 
    "Ar39": {
        "error": 0.052006468120464319, 
        "fit": "Parabolic", 
        "value": 1.023100760950409
    }, 
    "Ar40": {
        "error": 0.047960737827996931, 
        "fit": "Parabolic", 
        "value": 5.3755212522749556
    }, 
    "Ar41": {
        "error": 0.051741976541235454, 
        "fit": "linear", 
        "value": 0.077701765350556756
    }
}