{
    "Ar36": {
        "error": 0.0011557555099984927, 
        "fit": "Parabolic", 
        "value": 0.0086139265738851903
    }, 
    "Ar37": {
        "error": 0.019395552375542798, 
        "fit": "linear", 
        "value": 0.023618684049612194
    }, 
    "Ar38": {
        "error": 0.044899439688491201, 
        "fit": "linear", 
        "value": 0.18740304670742602
    }, 
    "Ar39": {
        "error": 0.051136534781733439, 
        "fit": "Parabolic", 
        "value": 1.1709252520351114
    }, 
    "Ar40": {
        "error": 0.053937112126768078, 
        "fit": "Parabolic", 
        "value": 2.9754187413385438
    }, 
    "Ar41": {
        "error": 0.049114325123602982, 
        "fit": "linear", 
        "value": 0.083460131497670315
    }
}