{
    "Ar36": {
        "error": 0.0001721888851340658, 
        "filter_outliers": true, 
        "fit": "Parabolic", 
        "fn": 581, 
        "include_baseline_error": false, 
        "iterations": 1, 
        "n": 600, 
        "std_devs": 2, 
        "value": 0.009625628382815325
    }, 
    "Ar37": {
        "error": 0.0016865153288524238, 
        "filter_outliers": true, 
        "fit": "Linear", 
        "fn": 571, 
        "include_baseline_error": false, 
        "iterations": 1, 
        "n": 600, 
        "std_devs": 2, 
        "value": 0.14672978232485895
    }, 
    "Ar38": {
        "error": 0.004204965834390632, 
        "filter_outliers": true, 
        "fit": "Linear", 
        "fn": 569, 
        "include_baseline_error": false, 
        "iterations": 1, 
        "n": 600, 
        "std_devs": 2, 
        "value": 1.2180696152225443
    }, 
    "Ar39": {
        "error": 0.011587679726465957, 
        "filter_outliers": true, 
        "fit": "Parabolic", 
        "fn": 573, 
        "include_baseline_error": false, 
        "iterations": 1, 
        "n": 600, 
        "std_devs": 2, 
        "value": 82.94668019699502
    }, 
    "Ar40": {
        "error": 0.008161985518127374, 
        "filter_outliers": true, 
        "fit": "Parabolic", 
        "fn": 579, 
        "include_baseline_error": false, 
        "iterations": 1, 
        "n": 600, 
        "std_devs": 2, 
        "value": 29.591096196240965
    }, 
    "Ar41": {
        "error": 0.0019355733354338431, 
        "filter_outliers": true, 
        "fit": "Average", 
        "fn": 569, 
        "include_baseline_error": false, 
        "iterations": 1, 
        "n": 600, 
        "std_devs": 2, 
        "value": 0.0820402929027195
    }, 
    "reviewed": true
}