{
    "Ar36": {
        "error": 0.051766025380812014, 
        "fit": "Parabolic", 
        "value": 27.476266908843336
    }, 
    "Ar37": {
        "error": 0.02108019637906243, 
        "fit": "linear", 
        "value": 0.012093923746758065
    }, 
    "Ar38": {
        "error": 0.052760102456140913, 
        "fit": "linear", 
        "value": 5.3431675888661125
    }, 
    "Ar39": {
        "error": 0.054776928942142741, 
        "fit": "Parabolic", 
        "value": 0.84777420165540607
    }, 
    "Ar40": {
        "error": 0.018730899444344109, 
        "fit": "Parabolic", 
        "value": 5112.687446356189
    }, 
    "Ar41": {
        "error": 0.057297917619121397, 
        "fit": "linear", 
        "value": 0.38574230359044376
    }
}