{
    "Ar36": {
        "error": 0.0077371370703506158, 
        "fit": "Parabolic", 
        "value": 0.57050352859935505
    }, 
    "Ar37": {
        "error": 0.019701608863723817, 
        "fit": "linear", 
        "value": 0.033533498569807557
    }, 
    "Ar38": {
        "error": 0.046741385984538822, 
        "fit": "linear", 
        "value": 0.57191427111854964
    }, 
    "Ar39": {
        "error": 0.060646648929512055, 
        "fit": "Parabolic", 
        "value": 25.373269469647369
    }, 
    "Ar40": {
        "error": 0.10848594718622455, 
        "fit": "Parabolic", 
        "value": 184.99901456249484
    }, 
    "Ar41": {
        "error": 0.049221276357107283, 
        "fit": "linear", 
        "value": 0.084717069738879464
    }
}