{
    "Ar36": {
        "error": 0.002980207151393177, 
        "filter_outliers": true, 
        "fit": "Parabolic", 
        "fn": 573, 
        "include_baseline_error": false, 
        "iterations": 1, 
        "n": 600, 
        "std_devs": 2, 
        "value": 4.682938522032025
    }, 
    "Ar37": {
        "error": 0.0015884323214969082, 
        "filter_outliers": true, 
        "fit": "Linear", 
        "fn": 565, 
        "include_baseline_error": false, 
        "iterations": 1, 
        "n": 600, 
        "std_devs": 2, 
        "value": 0.028491310514537675
    }, 
    "Ar38": {
        "error": 0.004032190126331325, 
        "filter_outliers": true, 
        "fit": "Linear", 
        "fn": 571, 
        "include_baseline_error": false, 
        "iterations": 1, 
        "n": 600, 
        "std_devs": 2, 
        "value": 1.1789598674865376
    }, 
    "Ar39": {
        "error": 0.008112882691205315, 
        "filter_outliers": true, 
        "fit": "Parabolic", 
        "fn": 572, 
        "include_baseline_error": false, 
        "iterations": 1, 
        "n": 600, 
        "std_devs": 2, 
        "value": 10.71137038942744
    }, 
    "Ar40": {
        "error": 0.043103181797889065, 
        "filter_outliers": true, 
        "fit": "Parabolic", 
        "fn": 576, 
        "include_baseline_error": false, 
        "iterations": 1, 
        "n": 600, 
        "std_devs": 2, 
        "value": 1440.645493463119
    }, 
    "Ar41": {
        "error": 0.0019690110199660498, 
        "filter_outliers": true, 
        "fit": "Average", 
        "fn": 572, 
        "include_baseline_error": false, 
        "iterations": 1, 
        "n": 600, 
        "std_devs": 2, 
        "value": 0.19247101433575153
    }, 
    "reviewed": true
}