{
    "Ar36": {
        "error": 0.0020896928874724516, 
        "fit": "Parabolic", 
        "value": 0.039740282702453986
    }, 
    "Ar37": {
        "error": 0.019751186991833033, 
        "fit": "linear", 
        "value": 0.019758355636301919
    }, 
    "Ar38": {
        "error": 0.046513664343803107, 
        "fit": "linear", 
        "value": 0.1979121826820221
    }, 
    "Ar39": {
        "error": 0.052925263839118289, 
        "fit": "Parabolic", 
        "value": 1.6444719902657656
    }, 
    "Ar40": {
        "error": 0.054439439221845937, 
        "fit": "Parabolic", 
        "value": 12.531410407545867
    }, 
    "Ar41": {
        "error": 0.052373288744147539, 
        "fit": "linear", 
        "value": 0.090486192233719467
    }
}