{
    "Ar36": {
        "error": 0.0018652462183879458, 
        "fit": "Parabolic", 
        "value": 0.025515086016785159
    }, 
    "Ar37": {
        "error": 0.018611156561816871, 
        "fit": "linear", 
        "value": 0.085379193502958028
    }, 
    "Ar38": {
        "error": 0.047743855860592425, 
        "fit": "linear", 
        "value": 0.8371578070289365
    }, 
    "Ar39": {
        "error": 0.074313806800340762, 
        "fit": "Parabolic", 
        "value": 52.656610508580187
    }, 
    "Ar40": {
        "error": 0.056271425651931994, 
        "fit": "Parabolic", 
        "value": 24.733558523938072
    }, 
    "Ar41": {
        "error": 0.045944845668460202, 
        "fit": "linear", 
        "value": 0.080787294426891976
    }
}