{
    "Ar36": {
        "error": 0.00090141779900859221, 
        "fit": "Parabolic", 
        "value": 0.0045810678516713405
    }, 
    "Ar37": {
        "error": 0.019686022904816452, 
        "fit": "linear", 
        "value": 0.072127263953443016
    }, 
    "Ar38": {
        "error": 0.050674031583885351, 
        "fit": "linear", 
        "value": 1.033055956393039
    }, 
    "Ar39": {
        "error": 0.083414691100245505, 
        "fit": "Parabolic", 
        "value": 70.470580344926816
    }, 
    "Ar40": {
        "error": 0.05673602668871329, 
        "fit": "Parabolic", 
        "value": 24.199042590990487
    }, 
    "Ar41": {
        "error": 0.047527469542081507, 
        "fit": "linear", 
        "value": 0.078779177006552362
    }
}