{
    "Ar36": {
        "error": 0.00097691699475126225, 
        "fit": "Parabolic", 
        "value": 0.0053764992387783806
    }, 
    "Ar37": {
        "error": 0.02034829307640736, 
        "fit": "linear", 
        "value": 0.014319410512330816
    }, 
    "Ar38": {
        "error": 0.044367107230718433, 
        "fit": "linear", 
        "value": 0.19659155185509578
    }, 
    "Ar39": {
        "error": 0.054717515609451331, 
        "fit": "Parabolic", 
        "value": 2.8117003947373895
    }, 
    "Ar40": {
        "error": 0.046481640063653545, 
        "fit": "Parabolic", 
        "value": 2.411679468557538
    }, 
    "Ar41": {
        "error": 0.051244867780711807, 
        "fit": "linear", 
        "value": 0.073744882488344876
    }
}