{
    "Ar36": {
        "error": 0.0009555315917322986, 
        "fit": "Parabolic", 
        "value": 0.0049440376037507023
    }, 
    "Ar37": {
        "error": 0.019430359656885211, 
        "fit": "linear", 
        "value": 0.049932687130936133
    }, 
    "Ar38": {
        "error": 0.047414904725113088, 
        "fit": "linear", 
        "value": 0.9105867989970744
    }, 
    "Ar39": {
        "error": 0.076696158061041644, 
        "fit": "Parabolic", 
        "value": 59.936837510172168
    }, 
    "Ar40": {
        "error": 0.054166339448452568, 
        "fit": "Parabolic", 
        "value": 20.924182273370604
    }, 
    "Ar41": {
        "error": 0.051105532584278524, 
        "fit": "linear", 
        "value": 0.080889307833527851
    }
}