{
    "Ar36": {
        "error": 0.00083613307049291389, 
        "fit": "Parabolic", 
        "value": 0.0022035197840773162
    }, 
    "Ar37": {
        "error": 0.021488717429763476, 
        "fit": "linear", 
        "value": -0.011412992193859002
    }, 
    "Ar38": {
        "error": 0.047255836206752076, 
        "fit": "linear", 
        "value": 0.19446585940803796
    }, 
    "Ar39": {
        "error": 0.049832143797237043, 
        "fit": "Parabolic", 
        "value": 3.4960695713396808
    }, 
    "Ar40": {
        "error": 0.041470408857646419, 
        "fit": "Parabolic", 
        "value": 1.6244001681010218
    }, 
    "Ar41": {
        "error": 0.054136065550216536, 
        "fit": "linear", 
        "value": 0.07728093641924097
    }
}