{
    "Ar36": {
        "error": 0.00014270398272631728, 
        "filter_outliers": true, 
        "fit": "Parabolic", 
        "fn": 571, 
        "include_baseline_error": false, 
        "iterations": 1, 
        "n": 600, 
        "std_devs": 2, 
        "value": 0.005782309110564491
    }, 
    "Ar37": {
        "error": 0.0017326318719101022, 
        "filter_outliers": true, 
        "fit": "Linear", 
        "fn": 580, 
        "include_baseline_error": false, 
        "iterations": 1, 
        "n": 600, 
        "std_devs": 2, 
        "value": 0.034784318608060597
    }, 
    "Ar38": {
        "error": 0.003888978458409607, 
        "filter_outliers": true, 
        "fit": "Linear", 
        "fn": 573, 
        "include_baseline_error": false, 
        "iterations": 1, 
        "n": 600, 
        "std_devs": 2, 
        "value": 0.8370553880173608
    }, 
    "Ar39": {
        "error": 0.010708935022131315, 
        "filter_outliers": true, 
        "fit": "Parabolic", 
        "fn": 577, 
        "include_baseline_error": false, 
        "iterations": 1, 
        "n": 600, 
        "std_devs": 2, 
        "value": 54.6006332493772
    }, 
    "Ar40": {
        "error": 0.006364267632326143, 
        "filter_outliers": true, 
        "fit": "Parabolic", 
        "fn": 565, 
        "include_baseline_error": false, 
        "iterations": 1, 
        "n": 600, 
        "std_devs": 2, 
        "value": 19.448171555283402
    }, 
    "Ar41": {
        "error": 0.002009375521372557, 
        "filter_outliers": true, 
        "fit": "Average", 
        "fn": 566, 
        "include_baseline_error": false, 
        "iterations": 1, 
        "n": 600, 
        "std_devs": 2, 
        "value": 0.07488307479934359
    }, 
    "reviewed": true
}