{
    "Ar36": {
        "error": 0.0047324521198655956, 
        "fit": "Parabolic", 
        "value": 0.21402193440904427
    }, 
    "Ar37": {
        "error": 0.021203795977935553, 
        "fit": "linear", 
        "value": 0.022485782767735826
    }, 
    "Ar38": {
        "error": 0.046753219595785947, 
        "fit": "linear", 
        "value": 0.2271097277242014
    }, 
    "Ar39": {
        "error": 0.05269568874580044, 
        "fit": "Parabolic", 
        "value": 0.056489378422625011
    }, 
    "Ar40": {
        "error": 0.073515607943855824, 
        "fit": "Parabolic", 
        "value": 64.673227666224363
    }, 
    "Ar41": {
        "error": 0.04856812666814591, 
        "fit": "linear", 
        "value": 0.086922543809052233
    }
}