{
    "Ar36": {
        "error": 0.0049712478185758042, 
        "fit": "Parabolic", 
        "value": 0.21408420610697393
    }, 
    "Ar37": {
        "error": 0.020173435426525381, 
        "fit": "linear", 
        "value": 0.011117900563342054
    }, 
    "Ar38": {
        "error": 0.047140608439146671, 
        "fit": "linear", 
        "value": 0.21673895508161101
    }, 
    "Ar39": {
        "error": 0.055072866753034758, 
        "fit": "Parabolic", 
        "value": 0.044022449111575948
    }, 
    "Ar40": {
        "error": 0.06776937151250792, 
        "fit": "Parabolic", 
        "value": 64.828329199501866
    }, 
    "Ar41": {
        "error": 0.04779854446016403, 
        "fit": "linear", 
        "value": 0.089658536643368092
    }
}