{
    "Ar36": {
        "error": 0.004493511013881438, 
        "fit": "Parabolic", 
        "value": 0.2161412348207416
    }, 
    "Ar37": {
        "error": 0.021552873319472737, 
        "fit": "linear", 
        "value": 0.011360593136527665
    }, 
    "Ar38": {
        "error": 0.045569125889671797, 
        "fit": "linear", 
        "value": 0.19188576177119485
    }, 
    "Ar39": {
        "error": 0.054832556427502885, 
        "fit": "Parabolic", 
        "value": 0.031018393274751126
    }, 
    "Ar40": {
        "error": 0.068637193639910082, 
        "fit": "Parabolic", 
        "value": 64.882462696257477
    }, 
    "Ar41": {
        "error": 0.051389458576948953, 
        "fit": "linear", 
        "value": 0.10124794702848482
    }
}