{
    "Ar36": {
        "error": 0.0008454109212300616, 
        "filter_outliers": true, 
        "fit": "Parabolic", 
        "fn": 385, 
        "include_baseline_error": false, 
        "iterations": 1, 
        "n": 400, 
        "std_devs": 2, 
        "value": 0.21557132578657162
    }, 
    "Ar37": {
        "error": 0.0020205856559463438, 
        "filter_outliers": true, 
        "fit": "Linear", 
        "fn": 381, 
        "include_baseline_error": false, 
        "iterations": 1, 
        "n": 400, 
        "std_devs": 2, 
        "value": 0.022697602023230675
    }, 
    "Ar38": {
        "error": 0.00496380847216219, 
        "filter_outliers": true, 
        "fit": "Linear", 
        "fn": 380, 
        "include_baseline_error": false, 
        "iterations": 1, 
        "n": 400, 
        "std_devs": 2, 
        "value": 0.23244331183443653
    }, 
    "Ar39": {
        "error": 0.008601081693078192, 
        "filter_outliers": true, 
        "fit": "Parabolic", 
        "fn": 382, 
        "include_baseline_error": false, 
        "iterations": 1, 
        "n": 400, 
        "std_devs": 2, 
        "value": 0.040064576246622706
    }, 
    "Ar40": {
        "error": 0.012001434172278922, 
        "filter_outliers": true, 
        "fit": "Parabolic", 
        "fn": 383, 
        "include_baseline_error": false, 
        "iterations": 1, 
        "n": 400, 
        "std_devs": 2, 
        "value": 64.74975107710452
    }, 
    "Ar41": {
        "error": 0.002321247745152107, 
        "filter_outliers": true, 
        "fit": "Average", 
        "fn": 380, 
        "include_baseline_error": false, 
        "iterations": 1, 
        "n": 400, 
        "std_devs": 2, 
        "value": 0.0747343074698859
    }, 
    "reviewed": true
}