{
    "Ar36": {
        "error": 0.0010660428332833049, 
        "fit": "parabolic", 
        "value": 0.0044377143910804438
    }, 
    "Ar37": {
        "error": 0.052627917473827467, 
        "fit": "linear", 
        "value": 0.15413878621344171
    }, 
    "Ar38": {
        "error": 0.26146143723602439, 
        "fit": "linear", 
        "value": 0.063095540841839395
    }, 
    "Ar39": {
        "error": 0.054679514538008268, 
        "fit": "parabolic", 
        "value": 0.19511500127913828
    }, 
    "Ar40": {
        "error": 0.051425946105208703, 
        "fit": "parabolic", 
        "value": 1.3458924000523163
    }, 
    "Ar41": {
        "error": 0.11545784386068099, 
        "fit": "average_SEM", 
        "value": 0.084303412026583827
    }
}