{
    "Ar36": {
        "error": 0.00092558577915830768, 
        "fit": "Parabolic", 
        "value": 0.0036884494451513905
    }, 
    "Ar37": {
        "error": 0.020626150735269293, 
        "fit": "linear", 
        "value": 0.023144912683008327
    }, 
    "Ar38": {
        "error": 0.044841987911961347, 
        "fit": "linear", 
        "value": 0.18970235657513593
    }, 
    "Ar39": {
        "error": 0.054241863667681543, 
        "fit": "Parabolic", 
        "value": 0.039992686600481851
    }, 
    "Ar40": {
        "error": 0.040983309338768391, 
        "fit": "Parabolic", 
        "value": 0.92303402401267576
    }, 
    "Ar41": {
        "error": 0.049416486630297123, 
        "fit": "linear", 
        "value": 0.080467672567046317
    }
}