{
    "Ar36": {
        "error": 0.00088819662177471272, 
        "fit": "Parabolic", 
        "value": 0.0036805189212813032
    }, 
    "Ar37": {
        "error": 0.019567662211380853, 
        "fit": "linear", 
        "value": 0.024050223430621902
    }, 
    "Ar38": {
        "error": 0.048585382150011958, 
        "fit": "linear", 
        "value": 0.18647313222949383
    }, 
    "Ar39": {
        "error": 0.054194089379560446, 
        "fit": "Parabolic", 
        "value": 0.055567759375131823
    }, 
    "Ar40": {
        "error": 0.040238143101727089, 
        "fit": "Parabolic", 
        "value": 0.89664645795010234
    }, 
    "Ar41": {
        "error": 0.048888430339513185, 
        "fit": "linear", 
        "value": 0.076987091338702782
    }
}