{
    "Ar36": {
        "error": 0.00014878401594360844, 
        "filter_outliers": true, 
        "fit": "Parabolic", 
        "fn": 380, 
        "include_baseline_error": false, 
        "iterations": 1, 
        "n": 400, 
        "std_devs": 2, 
        "value": 0.0046916623344418155
    }, 
    "Ar37": {
        "error": 0.001997295820283538, 
        "filter_outliers": true, 
        "fit": "Linear", 
        "fn": 380, 
        "include_baseline_error": false, 
        "iterations": 1, 
        "n": 400, 
        "std_devs": 2, 
        "value": 0.01880845101388845
    }, 
    "Ar38": {
        "error": 0.004915791140533557, 
        "filter_outliers": true, 
        "fit": "Linear", 
        "fn": 382, 
        "include_baseline_error": false, 
        "iterations": 1, 
        "n": 400, 
        "std_devs": 2, 
        "value": 0.17821222705244386
    }, 
    "Ar39": {
        "error": 0.010006312431444514, 
        "filter_outliers": true, 
        "fit": "Parabolic", 
        "fn": 384, 
        "include_baseline_error": false, 
        "iterations": 1, 
        "n": 400, 
        "std_devs": 2, 
        "value": 0.05416774133667794
    }, 
    "Ar40": {
        "error": 0.006890088372180541, 
        "filter_outliers": true, 
        "fit": "Parabolic", 
        "fn": 379, 
        "include_baseline_error": false, 
        "iterations": 1, 
        "n": 400, 
        "std_devs": 2, 
        "value": 1.2116653325573408
    }, 
    "Ar41": {
        "error": 0.0025549444777789097, 
        "filter_outliers": true, 
        "fit": "Average", 
        "fn": 381, 
        "include_baseline_error": false, 
        "iterations": 1, 
        "n": 400, 
        "std_devs": 2, 
        "value": 0.0761804645810016
    }, 
    "reviewed": true
}