{
    "Ar36": {
        "error": 0.000123531875018921, 
        "filter_outliers": true, 
        "fit": "Parabolic", 
        "fn": 575, 
        "include_baseline_error": false, 
        "iterations": 1, 
        "n": 600, 
        "std_devs": 2, 
        "value": 0.0037237935811942425
    }, 
    "Ar37": {
        "error": 0.0017338381343165903, 
        "filter_outliers": true, 
        "fit": "Linear", 
        "fn": 572, 
        "include_baseline_error": false, 
        "iterations": 1, 
        "n": 600, 
        "std_devs": 2, 
        "value": 0.021267520421485036
    }, 
    "Ar38": {
        "error": 0.003943159889591876, 
        "filter_outliers": true, 
        "fit": "Linear", 
        "fn": 570, 
        "include_baseline_error": false, 
        "iterations": 1, 
        "n": 600, 
        "std_devs": 2, 
        "value": 0.1836222338373911
    }, 
    "Ar39": {
        "error": 0.007020260108516639, 
        "filter_outliers": true, 
        "fit": "Parabolic", 
        "fn": 575, 
        "include_baseline_error": false, 
        "iterations": 1, 
        "n": 600, 
        "std_devs": 2, 
        "value": 0.033284700482259885
    }, 
    "Ar40": {
        "error": 0.005389333949069375, 
        "filter_outliers": true, 
        "fit": "Parabolic", 
        "fn": 570, 
        "include_baseline_error": false, 
        "iterations": 1, 
        "n": 600, 
        "std_devs": 2, 
        "value": 0.9213465089575709
    }, 
    "Ar41": {
        "error": 0.002164815371036967, 
        "filter_outliers": true, 
        "fit": "Average", 
        "fn": 571, 
        "include_baseline_error": false, 
        "iterations": 1, 
        "n": 600, 
        "std_devs": 2, 
        "value": 0.08091533264329155
    }, 
    "reviewed": true
}