{
    "Ar36": {
        "error": 0.00081006481832580641, 
        "fit": "Parabolic", 
        "value": 0.0020891157565363066
    }, 
    "Ar37": {
        "error": 0.020023859637880646, 
        "fit": "linear", 
        "value": 0.022813638264622987
    }, 
    "Ar38": {
        "error": 0.041833776055517378, 
        "fit": "linear", 
        "value": 0.14637233521713708
    }, 
    "Ar39": {
        "error": 0.052048391417044107, 
        "fit": "Parabolic", 
        "value": 0.037858015883224336
    }, 
    "Ar40": {
        "error": 0.041004656964899654, 
        "fit": "Parabolic", 
        "value": 0.428754658657655
    }, 
    "Ar41": {
        "error": 0.048383248099156902, 
        "fit": "linear", 
        "value": 0.076207864177077478
    }
}