{
    "Ar36": {
        "error": 0.00082317417046465105, 
        "fit": "Parabolic", 
        "value": 0.0022836951669177176
    }, 
    "Ar37": {
        "error": 0.019128377673855921, 
        "fit": "linear", 
        "value": -0.020221647385526238
    }, 
    "Ar38": {
        "error": 0.048475598274413063, 
        "fit": "linear", 
        "value": 0.15121575641842086
    }, 
    "Ar39": {
        "error": 0.056808627691582944, 
        "fit": "Parabolic", 
        "value": 0.019767893833564306
    }, 
    "Ar40": {
        "error": 0.041481278881170425, 
        "fit": "Parabolic", 
        "value": 0.4520913622254763
    }, 
    "Ar41": {
        "error": 0.050852892241876384, 
        "fit": "linear", 
        "value": 0.07692164628864856
    }
}