{
    "AX": {
        "error": 0.003786982993433751, 
        "filter_outliers": true, 
        "fit": "Average", 
        "fn": 170, 
        "include_baseline_error": false, 
        "iterations": 1, 
        "n": 180, 
        "std_devs": 2, 
        "value": 0.02887344649001641
    }, 
    "CDD": {
        "error": 3.2295495579837867e-06, 
        "filter_outliers": true, 
        "fit": "Average", 
        "fn": 180, 
        "include_baseline_error": false, 
        "iterations": 1, 
        "n": 180, 
        "std_devs": 10, 
        "value": 1.1676300103620936e-05
    }, 
    "H1": {
        "error": 0.0030535875971277084, 
        "filter_outliers": true, 
        "fit": "Average", 
        "fn": 172, 
        "include_baseline_error": false, 
        "iterations": 1, 
        "n": 180, 
        "std_devs": 2, 
        "value": -0.04342274206452245
    }, 
    "H2": {
        "error": 0.00407816690997919, 
        "filter_outliers": true, 
        "fit": "Average", 
        "fn": 171, 
        "include_baseline_error": false, 
        "iterations": 1, 
        "n": 180, 
        "std_devs": 2, 
        "value": 0.06157273731289067
    }, 
    "L1": {
        "error": 0.0038415585198423286, 
        "filter_outliers": true, 
        "fit": "Average", 
        "fn": 172, 
        "include_baseline_error": false, 
        "iterations": 1, 
        "n": 180, 
        "std_devs": 2, 
        "value": 0.18292222683166348
    }, 
    "L2": {
        "error": 0.0013946005149613934, 
        "filter_outliers": true, 
        "fit": "Average", 
        "fn": 171, 
        "include_baseline_error": false, 
        "iterations": 1, 
        "n": 180, 
        "std_devs": 2, 
        "value": -0.005647601902366436
    }
}