{
    "AX": {
        "error": 0.004212512720979277, 
        "filter_outliers": true, 
        "fit": "Average", 
        "fn": 173, 
        "include_baseline_error": false, 
        "iterations": 1, 
        "n": 180, 
        "std_devs": 2, 
        "value": 0.019800139874397545
    }, 
    "CDD": {
        "error": 2.5702487593735584e-06, 
        "filter_outliers": true, 
        "fit": "Average", 
        "fn": 180, 
        "include_baseline_error": false, 
        "iterations": 1, 
        "n": 180, 
        "std_devs": 10, 
        "value": 8.34021435972924e-06
    }, 
    "H1": {
        "error": 0.002703164807803551, 
        "filter_outliers": true, 
        "fit": "Average", 
        "fn": 172, 
        "include_baseline_error": false, 
        "iterations": 1, 
        "n": 180, 
        "std_devs": 2, 
        "value": -0.041888228083248685
    }, 
    "H2": {
        "error": 0.0035175098214011323, 
        "filter_outliers": true, 
        "fit": "Average", 
        "fn": 168, 
        "include_baseline_error": false, 
        "iterations": 1, 
        "n": 180, 
        "std_devs": 2, 
        "value": 0.060801267690121244
    }, 
    "L1": {
        "error": 0.0031770442046285784, 
        "filter_outliers": true, 
        "fit": "Average", 
        "fn": 167, 
        "include_baseline_error": false, 
        "iterations": 1, 
        "n": 180, 
        "std_devs": 2, 
        "value": 0.13973325863480568
    }, 
    "L2": {
        "error": 0.0012562783162564683, 
        "filter_outliers": true, 
        "fit": "Average", 
        "fn": 168, 
        "include_baseline_error": false, 
        "iterations": 1, 
        "n": 180, 
        "std_devs": 2, 
        "value": 0.0009144589100850723
    }
}