{
    "AX": {
        "error": 0.046475590048445536, 
        "fit": "average", 
        "value": 0.018592822087882894
    }, 
    "CDD": {
        "error": 5.236365870569612e-05, 
        "fit": "average", 
        "value": 1.668042871945848e-05
    }, 
    "H1": {
        "error": 0.03972431936611088, 
        "fit": "average", 
        "value": -0.046998169412876774
    }, 
    "H2": {
        "error": 0.040439725111918706, 
        "fit": "average", 
        "value": 0.07618239518494797
    }, 
    "L1": {
        "error": 0.042786497798841916, 
        "fit": "average", 
        "value": 0.1433087455141062
    }, 
    "L2": {
        "error": 0.019447611297112755, 
        "fit": "average", 
        "value": -0.0029921025859441087
    }
}