{
    "AX": {
        "error": 0.04079174468554783, 
        "fit": "average", 
        "value": 0.024584455047979167
    }, 
    "CDD": {
        "error": 2.91044248684514e-05, 
        "fit": "average", 
        "value": 5.838150051810468e-06
    }, 
    "H1": {
        "error": 0.03811240059964363, 
        "fit": "average", 
        "value": -0.0474890234040296
    }, 
    "H2": {
        "error": 0.04233880833398284, 
        "fit": "average", 
        "value": 0.06091870642997346
    }, 
    "L1": {
        "error": 0.04282718307826295, 
        "fit": "average", 
        "value": 0.13966863275091082
    }, 
    "L2": {
        "error": 0.01676768181532722, 
        "fit": "average", 
        "value": -0.005625561902302279
    }
}