{
    "AX": {
        "error": 0.0447392855091139, 
        "fit": "average", 
        "value": 0.025859530889112435
    }, 
    "CDD": {
        "error": 3.102388393703817e-05, 
        "fit": "average", 
        "value": 6.672171487783393e-06
    }, 
    "H1": {
        "error": 0.03941041706785348, 
        "fit": "average", 
        "value": -0.046718900489741026
    }, 
    "H2": {
        "error": 0.04142937539600696, 
        "fit": "average", 
        "value": 0.08380871167312198
    }, 
    "L1": {
        "error": 0.04253778580035274, 
        "fit": "average", 
        "value": 0.18653613371753144
    }, 
    "L2": {
        "error": 0.016636181069870498, 
        "fit": "average", 
        "value": -0.004076173361855105
    }
}