{
    "AX": {
        "error": 0.05510981669159, 
        "fit": "average", 
        "value": 0.023241624942747875
    }, 
    "CDD": {
        "error": 3.7551925784682e-05, 
        "fit": "average", 
        "value": 1.0008257231675088e-05
    }, 
    "H1": {
        "error": 0.036092529094108435, 
        "fit": "average", 
        "value": -0.04858680685477642
    }, 
    "H2": {
        "error": 0.04214160243114271, 
        "fit": "average", 
        "value": 0.07464859079296138
    }, 
    "L1": {
        "error": 0.04030180613317634, 
        "fit": "average", 
        "value": 0.17534179493174915
    }, 
    "L2": {
        "error": 0.020000975265238728, 
        "fit": "average", 
        "value": -0.0037257856839819714
    }
}