{
    "AX": {
        "error": 0.050857809296697316, 
        "fit": "average", 
        "value": 0.028275060603239883
    }, 
    "CDD": {
        "error": 4.679812831429992e-05, 
        "fit": "average", 
        "value": 1.4178364411539708e-05
    }, 
    "H1": {
        "error": 0.04277079234237957, 
        "fit": "average", 
        "value": -0.04974633476393687
    }, 
    "H2": {
        "error": 0.04523093490455729, 
        "fit": "average", 
        "value": 0.07499112561277808
    }, 
    "L1": {
        "error": 0.04035239072680923, 
        "fit": "average", 
        "value": 0.18548094987869262
    }, 
    "L2": {
        "error": 0.021757620047816572, 
        "fit": "average", 
        "value": -0.012892215075060614
    }
}