{
    "AX": {
        "error": 0.04445613464213833, 
        "fit": "average", 
        "value": 0.021732924764578724
    }, 
    "CDD": {
        "error": 4.07671328114077e-05, 
        "fit": "average", 
        "value": 1.0008257231675088e-05
    }, 
    "H1": {
        "error": 0.03865252582487274, 
        "fit": "average", 
        "value": -0.04304655325100865
    }, 
    "H2": {
        "error": 0.04745919460521401, 
        "fit": "average", 
        "value": 0.07712798470118747
    }, 
    "L1": {
        "error": 0.03750802187307535, 
        "fit": "average", 
        "value": 0.18285821152980938
    }, 
    "L2": {
        "error": 0.019473663410783406, 
        "fit": "average", 
        "value": -0.0048037379011100926
    }
}