{
    "AX": {
        "error": 0.004024574706372907, 
        "filter_outliers": true, 
        "fit": "Average", 
        "fn": 174, 
        "include_baseline_error": false, 
        "iterations": 1, 
        "n": 180, 
        "std_devs": 2, 
        "value": 0.025466702603535986
    }, 
    "CDD": {
        "error": 4.05674215359151e-06, 
        "filter_outliers": true, 
        "fit": "Average", 
        "fn": 180, 
        "include_baseline_error": false, 
        "iterations": 1, 
        "n": 180, 
        "std_devs": 10, 
        "value": 2.0850535899323102e-05
    }, 
    "H1": {
        "error": 0.002993851623886195, 
        "filter_outliers": true, 
        "fit": "Average", 
        "fn": 174, 
        "include_baseline_error": false, 
        "iterations": 1, 
        "n": 180, 
        "std_devs": 2, 
        "value": -0.044022161441330095
    }, 
    "H2": {
        "error": 0.0038223611636264577, 
        "filter_outliers": true, 
        "fit": "Average", 
        "fn": 173, 
        "include_baseline_error": false, 
        "iterations": 1, 
        "n": 180, 
        "std_devs": 2, 
        "value": 0.07678625692234568
    }, 
    "L1": {
        "error": 0.0032985337230882904, 
        "filter_outliers": true, 
        "fit": "Average", 
        "fn": 170, 
        "include_baseline_error": false, 
        "iterations": 1, 
        "n": 180, 
        "std_devs": 2, 
        "value": 0.1732692911344416
    }, 
    "L2": {
        "error": 0.0013635349184036101, 
        "filter_outliers": true, 
        "fit": "Average", 
        "fn": 169, 
        "include_baseline_error": false, 
        "iterations": 1, 
        "n": 180, 
        "std_devs": 2, 
        "value": -0.008275209254075976
    }
}