{
    "AX": {
        "error": 0.05299158716727611, 
        "fit": "average", 
        "value": 0.030634675664343334
    }, 
    "CDD": {
        "error": 4.614336626287552e-05, 
        "fit": "average", 
        "value": 1.1676300103620936e-05
    }, 
    "H1": {
        "error": 0.0332882678021428, 
        "fit": "average", 
        "value": -0.04854288376544205
    }, 
    "H2": {
        "error": 0.04353475888557395, 
        "fit": "average", 
        "value": 0.07380898278798757
    }, 
    "L1": {
        "error": 0.04250062413880647, 
        "fit": "average", 
        "value": 0.16995021339222702
    }, 
    "L2": {
        "error": 0.018664189966605682, 
        "fit": "average", 
        "value": -0.005909691820916658
    }
}