{
    "AX": {
        "error": 0.004154337923588367, 
        "filter_outliers": true, 
        "fit": "Average", 
        "fn": 168, 
        "include_baseline_error": false, 
        "iterations": 1, 
        "n": 180, 
        "std_devs": 2, 
        "value": 0.02580202589437942
    }, 
    "CDD": {
        "error": 2.570248759373558e-06, 
        "filter_outliers": true, 
        "fit": "Average", 
        "fn": 180, 
        "include_baseline_error": false, 
        "iterations": 1, 
        "n": 180, 
        "std_devs": 10, 
        "value": 8.34021435972924e-06
    }, 
    "H1": {
        "error": 0.002825822673925148, 
        "filter_outliers": true, 
        "fit": "Average", 
        "fn": 173, 
        "include_baseline_error": false, 
        "iterations": 1, 
        "n": 180, 
        "std_devs": 2, 
        "value": -0.04694956078932949
    }, 
    "H2": {
        "error": 0.0031636855738832403, 
        "filter_outliers": true, 
        "fit": "Average", 
        "fn": 172, 
        "include_baseline_error": false, 
        "iterations": 1, 
        "n": 180, 
        "std_devs": 2, 
        "value": 0.06465565532325432
    }, 
    "L1": {
        "error": 0.0033728070134813994, 
        "filter_outliers": true, 
        "fit": "Average", 
        "fn": 168, 
        "include_baseline_error": false, 
        "iterations": 1, 
        "n": 180, 
        "std_devs": 2, 
        "value": 0.1667041496506759
    }, 
    "L2": {
        "error": 0.001608685322804671, 
        "filter_outliers": true, 
        "fit": "Average", 
        "fn": 174, 
        "include_baseline_error": false, 
        "iterations": 1, 
        "n": 180, 
        "std_devs": 2, 
        "value": 0.0008418538559688951
    }
}