{
    "AX": {
        "error": 0.04502278215963891, 
        "fit": "average", 
        "value": 0.027848962474978946
    }, 
    "CDD": {
        "error": 4.03185599323748e-05, 
        "fit": "average", 
        "value": 1.1676300103620936e-05
    }, 
    "H1": {
        "error": 0.039676497368403764, 
        "fit": "average", 
        "value": -0.03959550238680094
    }, 
    "H2": {
        "error": 0.046909700731913896, 
        "fit": "average", 
        "value": 0.06792212084922561
    }, 
    "L1": {
        "error": 0.047931626716009444, 
        "fit": "average", 
        "value": 0.13728629634042697
    }, 
    "L2": {
        "error": 0.02051104170090915, 
        "fit": "average", 
        "value": -0.0009346733564812252
    }
}