{
    "AX": {
        "error": 0.043420182048852125, 
        "fit": "average", 
        "value": 0.03006498534157491
    }, 
    "CDD": {
        "error": 3.9397222135481385e-05, 
        "fit": "average", 
        "value": 9.174235795702165e-06
    }, 
    "H1": {
        "error": 0.03683754878832919, 
        "fit": "average", 
        "value": -0.044974513394824625
    }, 
    "H2": {
        "error": 0.04819949491939442, 
        "fit": "average", 
        "value": 0.07247629837061247
    }, 
    "L1": {
        "error": 0.04023889724760336, 
        "fit": "average", 
        "value": 0.16962729192831938
    }, 
    "L2": {
        "error": 0.018352544197182567, 
        "fit": "average", 
        "value": -0.005083388156685548
    }
}