{
    "AX": {
        "error": 0.05134590989607482, 
        "fit": "average", 
        "value": 0.03629392786811073
    }, 
    "CDD": {
        "error": 3.484671235659836e-05, 
        "fit": "average", 
        "value": 6.672171487783393e-06
    }, 
    "H1": {
        "error": 0.033459762127241284, 
        "fit": "average", 
        "value": -0.044553894251210334
    }, 
    "H2": {
        "error": 0.04189070680660741, 
        "fit": "average", 
        "value": 0.0684306745546902
    }, 
    "L1": {
        "error": 0.042241776169243614, 
        "fit": "average", 
        "value": 0.16388712873791947
    }, 
    "L2": {
        "error": 0.017644101767763418, 
        "fit": "average", 
        "value": -0.0045076162262429375
    }
}