{
    "AX": {
        "error": 0.004187941473663994, 
        "filter_outliers": true, 
        "fit": "Average", 
        "fn": 174, 
        "include_baseline_error": false, 
        "iterations": 1, 
        "n": 180, 
        "std_devs": 2, 
        "value": 0.017736234606495233
    }, 
    "CDD": {
        "error": 3.0386026738023247e-06, 
        "filter_outliers": true, 
        "fit": "Average", 
        "fn": 180, 
        "include_baseline_error": false, 
        "iterations": 1, 
        "n": 180, 
        "std_devs": 10, 
        "value": 1.0008257231675088e-05
    }, 
    "H1": {
        "error": 0.003046682781722512, 
        "filter_outliers": true, 
        "fit": "Average", 
        "fn": 172, 
        "include_baseline_error": false, 
        "iterations": 1, 
        "n": 180, 
        "std_devs": 2, 
        "value": -0.04743888148918496
    }, 
    "H2": {
        "error": 0.0038992556473620194, 
        "filter_outliers": true, 
        "fit": "Average", 
        "fn": 173, 
        "include_baseline_error": false, 
        "iterations": 1, 
        "n": 180, 
        "std_devs": 2, 
        "value": 0.07190910260535567
    }, 
    "L1": {
        "error": 0.00407485276612854, 
        "filter_outliers": true, 
        "fit": "Average", 
        "fn": 171, 
        "include_baseline_error": false, 
        "iterations": 1, 
        "n": 180, 
        "std_devs": 2, 
        "value": 0.150788170138472
    }, 
    "L2": {
        "error": 0.0015663995364486945, 
        "filter_outliers": true, 
        "fit": "Average", 
        "fn": 171, 
        "include_baseline_error": false, 
        "iterations": 1, 
        "n": 180, 
        "std_devs": 2, 
        "value": -0.03669428905881996
    }
}