{
    "AX": {
        "error": 0.047163436742634415, 
        "fit": "average", 
        "value": 0.012685572443869116
    }, 
    "CDD": {
        "error": 2.7023226376981727e-05, 
        "fit": "average", 
        "value": 5.004128615837544e-06
    }, 
    "H1": {
        "error": 0.029976588895320715, 
        "fit": "average", 
        "value": -0.046752379055354086
    }, 
    "H2": {
        "error": 0.04706678437291103, 
        "fit": "average", 
        "value": 0.07884217832010067
    }, 
    "L1": {
        "error": 0.0433156221663454, 
        "fit": "average", 
        "value": 0.14843784691218068
    }, 
    "L2": {
        "error": 0.018702478066905004, 
        "fit": "average", 
        "value": -0.011730030012368147
    }
}