{
    "AX": {
        "error": 0.04663507586388316, 
        "fit": "average", 
        "value": 0.01789000335560266
    }, 
    "CDD": {
        "error": 3.9397222135481385e-05, 
        "fit": "average", 
        "value": 9.174235795702165e-06
    }, 
    "H1": {
        "error": 0.036021096372827334, 
        "fit": "average", 
        "value": -0.03881817190344651
    }, 
    "H2": {
        "error": 0.046114272086184516, 
        "fit": "average", 
        "value": 0.0646019709899145
    }, 
    "L1": {
        "error": 0.041401120648011165, 
        "fit": "average", 
        "value": 0.1486875546666292
    }, 
    "L2": {
        "error": 0.019209592047511773, 
        "fit": "average", 
        "value": -0.016334249034074454
    }
}