{
    "AX": {
        "error": 0.0037989745449733157, 
        "filter_outliers": true, 
        "fit": "Average", 
        "fn": 170, 
        "include_baseline_error": false, 
        "iterations": 1, 
        "n": 180, 
        "std_devs": 2, 
        "value": 0.01276977545417407
    }, 
    "CDD": {
        "error": 1.6540057959716295e-06, 
        "filter_outliers": true, 
        "fit": "Average", 
        "fn": 180, 
        "include_baseline_error": false, 
        "iterations": 1, 
        "n": 180, 
        "std_devs": 10, 
        "value": 3.3360857438916963e-06
    }, 
    "H1": {
        "error": 0.0031903768376764924, 
        "filter_outliers": true, 
        "fit": "Average", 
        "fn": 173, 
        "include_baseline_error": false, 
        "iterations": 1, 
        "n": 180, 
        "std_devs": 2, 
        "value": -0.048246703956076324
    }, 
    "H2": {
        "error": 0.003840168813957096, 
        "filter_outliers": true, 
        "fit": "Average", 
        "fn": 172, 
        "include_baseline_error": false, 
        "iterations": 1, 
        "n": 180, 
        "std_devs": 2, 
        "value": 0.08069907946154735
    }, 
    "L1": {
        "error": 0.0036340118944505582, 
        "filter_outliers": true, 
        "fit": "Average", 
        "fn": 170, 
        "include_baseline_error": false, 
        "iterations": 1, 
        "n": 180, 
        "std_devs": 2, 
        "value": 0.14027064839268433
    }, 
    "L2": {
        "error": 0.001379334625992214, 
        "filter_outliers": true, 
        "fit": "Average", 
        "fn": 167, 
        "include_baseline_error": false, 
        "iterations": 1, 
        "n": 180, 
        "std_devs": 2, 
        "value": -0.011314052676842115
    }
}